negative_keyword,match_type,level,campaign
אמבולנס טבריה,Phrase,Campaign,IAA | Search | הטסות רפואיות לישראל
אמבולנס צפת,Phrase,Campaign,IAA | Search | הטסות רפואיות לישראל
אמבולנס פרטי,Phrase,Campaign,IAA | Search | הטסות רפואיות לישראל
ground ambulance,Phrase,Campaign,IAA | Search | הטסות רפואיות לישראל
from israel,Phrase,Campaign,IAA | Search | הטסות רפואיות לישראל
air ambulance from israel,Phrase,Campaign,IAA | Search | הטסות רפואיות לישראל
medical flight from israel,Phrase,Campaign,IAA | Search | הטסות רפואיות לישראל
job,Phrase,Campaign,IAA | Search | הטסות רפואיות לישראל
jobs,Phrase,Campaign,IAA | Search | הטסות רפואיות לישראל
training,Phrase,Campaign,IAA | Search | הטסות רפואיות לישראל
course,Phrase,Campaign,IAA | Search | הטסות רפואיות לישראל
medical tourism,Phrase,Campaign,IAA | Search | הטסות רפואיות לישראל
mda,Phrase,Campaign,IAA | Search | הטסות רפואיות לישראל
911,Exact,Campaign,IAA | Search | הטסות רפואיות לישראל
red crescent,Phrase,Campaign,IAA | Search | הטסות רפואיות לישראל
job,Phrase,Campaign,IAA | Search | הטסות רפואיות לישראל
jobs,Phrase,Campaign,IAA | Search | הטסות רפואיות לישראל
career,Phrase,Campaign,IAA | Search | הטסות רפואיות לישראל
careers,Phrase,Campaign,IAA | Search | הטסות רפואיות לישראל
hiring,Phrase,Campaign,IAA | Search | הטסות רפואיות לישראל
salary,Phrase,Campaign,IAA | Search | הטסות רפואיות לישראל
salaries,Phrase,Campaign,IAA | Search | הטסות רפואיות לישראל
wage,Phrase,Campaign,IAA | Search | הטסות רפואיות לישראל
wages,Phrase,Campaign,IAA | Search | הטסות רפואיות לישראל
vacancy,Phrase,Campaign,IAA | Search | הטסות רפואיות לישראל
vacancies,Phrase,Campaign,IAA | Search | הטסות רפואיות לישראל
recruitment,Phrase,Campaign,IAA | Search | הטסות רפואיות לישראל
resume,Phrase,Campaign,IAA | Search | הטסות רפואיות לישראל
cv,Phrase,Campaign,IAA | Search | הטסות רפואיות לישראל
indeed,Phrase,Campaign,IAA | Search | הטסות רפואיות לישראל
glassdoor,Phrase,Campaign,IAA | Search | הטסות רפואיות לישראל
linkedin jobs,Phrase,Campaign,IAA | Search | הטסות רפואיות לישראל
apply now,Phrase,Campaign,IAA | Search | הטסות רפואיות לישראל
job application,Phrase,Campaign,IAA | Search | הטסות רפואיות לישראל
employment,Phrase,Campaign,IAA | Search | הטסות רפואיות לישראל
work from home ems,Phrase,Campaign,IAA | Search | הטסות רפואיות לישראל
paramedic jobs,Phrase,Campaign,IAA | Search | הטסות רפואיות לישראל
flight nurse jobs,Phrase,Campaign,IAA | Search | הטסות רפואיות לישראל
emt jobs,Phrase,Campaign,IAA | Search | הטסות רפואיות לישראל
ambulance jobs israel,Phrase,Campaign,IAA | Search | הטסות רפואיות לישראל
course,Phrase,Campaign,IAA | Search | הטסות רפואיות לישראל
courses,Phrase,Campaign,IAA | Search | הטסות רפואיות לישראל
training,Phrase,Campaign,IAA | Search | הטסות רפואיות לישראל
school,Phrase,Campaign,IAA | Search | הטסות רפואיות לישראל
schools,Phrase,Campaign,IAA | Search | הטסות רפואיות לישראל
college,Phrase,Campaign,IAA | Search | הטסות רפואיות לישראל
university,Phrase,Campaign,IAA | Search | הטסות רפואיות לישראל
degree,Phrase,Campaign,IAA | Search | הטסות רפואיות לישראל
certificate,Phrase,Campaign,IAA | Search | הטסות רפואיות לישראל
certification,Phrase,Campaign,IAA | Search | הטסות רפואיות לישראל
emt school,Phrase,Campaign,IAA | Search | הטסות רפואיות לישראל
paramedic school,Phrase,Campaign,IAA | Search | הטסות רפואיות לישראל
paramedic course,Phrase,Campaign,IAA | Search | הטסות רפואיות לישראל
emt course,Phrase,Campaign,IAA | Search | הטסות רפואיות לישראל
flight nurse course,Phrase,Campaign,IAA | Search | הטסות רפואיות לישראל
how to become,Phrase,Campaign,IAA | Search | הטסות רפואיות לישראל
volunteer,Phrase,Campaign,IAA | Search | הטסות רפואיות לישראל
volunteering,Phrase,Campaign,IAA | Search | הטסות רפואיות לישראל
internship,Phrase,Campaign,IAA | Search | הטסות רפואיות לישראל
intern,Phrase,Campaign,IAA | Search | הטסות רפואיות לישראל
academy,Phrase,Campaign,IAA | Search | הטסות רפואיות לישראל
syllabus,Phrase,Campaign,IAA | Search | הטסות רפואיות לישראל
online course,Phrase,Campaign,IAA | Search | הטסות רפואיות לישראל
study paramedic,Phrase,Campaign,IAA | Search | הטסות רפואיות לישראל
emt certification,Phrase,Campaign,IAA | Search | הטסות רפואיות לישראל
bls course,Phrase,Campaign,IAA | Search | הטסות רפואיות לישראל
acls course,Phrase,Campaign,IAA | Search | הטסות רפואיות לישראל
free,Phrase,Campaign,IAA | Search | הטסות רפואיות לישראל
cheap,Phrase,Campaign,IAA | Search | הטסות רפואיות לישראל
diy,Phrase,Campaign,IAA | Search | הטסות רפואיות לישראל
template,Phrase,Campaign,IAA | Search | הטסות רפואיות לישראל
pdf,Phrase,Campaign,IAA | Search | הטסות רפואיות לישראל
download,Phrase,Campaign,IAA | Search | הטסות רפואיות לישראל
wiki,Phrase,Campaign,IAA | Search | הטסות רפואיות לישראל
wikipedia,Phrase,Campaign,IAA | Search | הטסות רפואיות לישראל
low cost,Phrase,Campaign,IAA | Search | הטסות רפואיות לישראל
discount,Phrase,Campaign,IAA | Search | הטסות רפואיות לישראל
coupon,Phrase,Campaign,IAA | Search | הטסות רפואיות לישראל
promo code,Phrase,Campaign,IAA | Search | הטסות רפואיות לישראל
cheapest,Phrase,Campaign,IAA | Search | הטסות רפואיות לישראל
insurance claim,Phrase,Campaign,IAA | Search | הטסות רפואיות לישראל
insurance claims,Phrase,Campaign,IAA | Search | הטסות רפואיות לישראל
claim form,Phrase,Campaign,IAA | Search | הטסות רפואיות לישראל
reimbursement form,Phrase,Campaign,IAA | Search | הטסות רפואיות לישראל
medicare,Phrase,Campaign,IAA | Search | הטסות רפואיות לישראל
medicaid,Phrase,Campaign,IAA | Search | הטסות רפואיות לישראל
nhs claim,Phrase,Campaign,IAA | Search | הטסות רפואיות לישראל
insurance company,Phrase,Campaign,IAA | Search | הטסות רפואיות לישראל
policy number,Phrase,Campaign,IAA | Search | הטסות רפואיות לישראל
workers compensation,Phrase,Campaign,IAA | Search | הטסות רפואיות לישראל
workmans compensation,Phrase,Campaign,IAA | Search | הטסות רפואיות לישראל
hmo claim,Phrase,Campaign,IAA | Search | הטסות רפואיות לישראל
911,Phrase,Campaign,IAA | Search | הטסות רפואיות לישראל
999,Phrase,Campaign,IAA | Search | הטסות רפואיות לישראל
112,Phrase,Campaign,IAA | Search | הטסות רפואיות לישראל
mda,Phrase,Campaign,IAA | Search | הטסות רפואיות לישראל
magen david adom,Phrase,Campaign,IAA | Search | הטסות רפואיות לישראל
local ambulance,Phrase,Campaign,IAA | Search | הטסות רפואיות לישראל
ambulance driver,Phrase,Campaign,IAA | Search | הטסות רפואיות לישראל
ambulance drivers,Phrase,Campaign,IAA | Search | הטסות רפואיות לישראל
ground ambulance near me,Phrase,Campaign,IAA | Search | הטסות רפואיות לישראל
call ambulance,Phrase,Campaign,IAA | Search | הטסות רפואיות לישראל
ambulance service near me,Phrase,Campaign,IAA | Search | הטסות רפואיות לישראל
municipal ambulance,Phrase,Campaign,IAA | Search | הטסות רפואיות לישראל
government ambulance,Phrase,Campaign,IAA | Search | הטסות רפואיות לישראל
public ambulance,Phrase,Campaign,IAA | Search | הטסות רפואיות לישראל
regular ambulance,Phrase,Campaign,IAA | Search | הטסות רפואיות לישראל
fire department ambulance,Phrase,Campaign,IAA | Search | הטסות רפואיות לישראל
ems job,Phrase,Campaign,IAA | Search | הטסות רפואיות לישראל
ems jobs,Phrase,Campaign,IAA | Search | הטסות רפואיות לישראל
near me ambulance,Phrase,Campaign,IAA | Search | הטסות רפואיות לישראל
wheelchair transport,Phrase,Campaign,IAA | Search | הטסות רפואיות לישראל
wheelchair van,Phrase,Campaign,IAA | Search | הטסות רפואיות לישראל
non emergency transport,Phrase,Campaign,IAA | Search | הטסות רפואיות לישראל
taxi,Phrase,Campaign,IAA | Search | הטסות רפואיות לישראל
uber,Phrase,Campaign,IAA | Search | הטסות רפואיות לישראל
lyft,Phrase,Campaign,IAA | Search | הטסות רפואיות לישראל
ride share,Phrase,Campaign,IAA | Search | הטסות רפואיות לישראל
domestic ambulance,Phrase,Campaign,IAA | Search | הטסות רפואיות לישראל
ambulance israel only,Phrase,Campaign,IAA | Search | הטסות רפואיות לישראל
private ambulance israel domestic,Phrase,Campaign,IAA | Search | הטסות רפואיות לישראל
hospital discharge ambulance israel,Phrase,Campaign,IAA | Search | הטסות רפואיות לישראל
local ems,Phrase,Campaign,IAA | Search | הטסות רפואיות לישראל
city ambulance,Phrase,Campaign,IAA | Search | הטסות רפואיות לישראל
private ambulance tel aviv price,Phrase,Campaign,IAA | Search | הטסות רפואיות לישראל
ambulance for hospital discharge israel only,Phrase,Campaign,IAA | Search | הטסות רפואיות לישראל
העברה לבית חולים,Phrase,Campaign,IAA | Search | הטסות רפואיות לישראל
medical tourism,Phrase,Campaign,IAA | Search | הטסות רפואיות לישראל
medical tourist,Phrase,Campaign,IAA | Search | הטסות רפואיות לישראל
plastic surgery flight,Phrase,Campaign,IAA | Search | הטסות רפואיות לישראל
cosmetic surgery travel,Phrase,Campaign,IAA | Search | הטסות רפואיות לישראל
dental tourism,Phrase,Campaign,IAA | Search | הטסות רפואיות לישראל
ivf tourism,Phrase,Campaign,IAA | Search | הטסות רפואיות לישראל
elective surgery travel,Phrase,Campaign,IAA | Search | הטסות רפואיות לישראל
surgery vacation,Phrase,Campaign,IAA | Search | הטסות רפואיות לישראל
health tourism,Phrase,Campaign,IAA | Search | הטסות רפואיות לישראל
transplant tourism,Phrase,Campaign,IAA | Search | הטסות רפואיות לישראל
bariatric tourism,Phrase,Campaign,IAA | Search | הטסות רפואיות לישראל
toy,Phrase,Campaign,IAA | Search | הטסות רפואיות לישראל
toys,Phrase,Campaign,IAA | Search | הטסות רפואיות לישראל
lego,Phrase,Campaign,IAA | Search | הטסות רפואיות לישראל
model airplane,Phrase,Campaign,IAA | Search | הטסות רפואיות לישראל
flight simulator,Phrase,Campaign,IAA | Search | הטסות רפואיות לישראל
video game,Phrase,Campaign,IAA | Search | הטסות רפואיות לישראל
movie,Phrase,Campaign,IAA | Search | הטסות רפואיות לישראל
netflix,Phrase,Campaign,IAA | Search | הטסות רפואיות לישראל
gif,Phrase,Campaign,IAA | Search | הטסות רפואיות לישראל
meme,Phrase,Campaign,IAA | Search | הטסות רפואיות לישראל
animal ambulance,Phrase,Campaign,IAA | Search | הטסות רפואיות לישראל
pet ambulance,Phrase,Campaign,IAA | Search | הטסות רפואיות לישראל
veterinary air ambulance,Phrase,Campaign,IAA | Search | הטסות רפואיות לישראל
organ transplant waiting list,Phrase,Campaign,IAA | Search | הטסות רפואיות לישראל
blood donation,Phrase,Campaign,IAA | Search | הטסות רפואיות לישראל
drone ambulance,Phrase,Campaign,IAA | Search | הטסות רפואיות לישראל
helicopter toy,Phrase,Campaign,IAA | Search | הטסות רפואיות לישראל
rc ambulance,Phrase,Campaign,IAA | Search | הטסות רפואיות לישראל
reddit,Phrase,Campaign,IAA | Search | הטסות רפואיות לישראל
quora,Phrase,Campaign,IAA | Search | הטסות רפואיות לישראל
forum,Phrase,Campaign,IAA | Search | הטסות רפואיות לישראל
news,Phrase,Campaign,IAA | Search | הטסות רפואיות לישראל
stock price,Phrase,Campaign,IAA | Search | הטסות רפואיות לישראל
ipo,Phrase,Campaign,IAA | Search | הטסות רפואיות לישראל
youtube,Phrase,Campaign,IAA | Search | הטסות רפואיות לישראל
tiktok,Phrase,Campaign,IAA | Search | הטסות רפואיות לישראל
podcast,Phrase,Campaign,IAA | Search | הטסות רפואיות לישראל
book review,Phrase,Campaign,IAA | Search | הטסות רפואיות לישראל
nato,Phrase,Campaign,IAA | Search | הטסות רפואיות לישראל
unHCR,Phrase,Campaign,IAA | Search | הטסות רפואיות לישראל
ngo tender,Phrase,Campaign,IAA | Search | הטסות רפואיות לישראל
government tender,Phrase,Campaign,IAA | Search | הטסות רפואיות לישראל
rfp,Phrase,Campaign,IAA | Search | הטסות רפואיות לישראל
ministry of health tender,Phrase,Campaign,IAA | Search | הטסות רפואיות לישראל
idf,Phrase,Campaign,IAA | Search | הטסות רפואיות לישראל
military medevac contract,Phrase,Campaign,IAA | Search | הטסות רפואיות לישראל
humanitarian airlift,Phrase,Campaign,IAA | Search | הטסות רפואיות לישראל
red cross recruitment,Phrase,Campaign,IAA | Search | הטסות רפואיות לישראל
definition,Phrase,Campaign,IAA | Search | הטסות רפואיות לישראל
what is air ambulance cost calculator only,Phrase,Campaign,IAA | Search | הטסות רפואיות לישראל
statistics,Phrase,Campaign,IAA | Search | הטסות רפואיות לישראל
history of,Phrase,Campaign,IAA | Search | הטסות רפואיות לישראל
documentary,Phrase,Campaign,IAA | Search | הטסות רפואיות לישראל
meaning of,Phrase,Campaign,IAA | Search | הטסות רפואיות לישראל
how much does an air ambulance cost average only,Phrase,Campaign,IAA | Search | הטסות רפואיות לישראל
air ambulance movie,Phrase,Campaign,IAA | Search | הטסות רפואיות לישראל
air ambulance tv show,Phrase,Campaign,IAA | Search | הטסות רפואיות לישראל
