campaign,ad_group,type,final_url,path1,path2,headlines,descriptions
IAA | Search | אמבולנס פרטי טבריה והצפון,Exact — ליבה מקומית,Responsive search ad,https://ambulancenter.com/,טבריה,הזמנה,חייגו עכשיו — אמבולנס טבריה | Israel Air & Ambulance | הזמנה בטלפון 24/7 | אמבולנס פרטי זמין עכשיו | מענה אנושי תוך דקות | העברה מ/אל בית חולים | כיסוי טבריה והכנרת | WhatsApp להזמנה מהירה | צוות מוסמך בשטח | בלי המתנה מיותרת | שינוע לכל רחבי הארץ | קבעו העברה עכשיו | פוריה · טבריה · צפון | מחיר שקוף בשיחה | מוקד הזמנות פעיל,"צריכים אמבולנס פרטי בטבריה? חייגו +972-79-6709999 — מוקד 24/7 עם מענה אנושי. | העברות שחרור, בין בתי חולים, ושינוע לכל הארץ. הזמנה בטלפון או WhatsApp. | זמינים לטבריה, פוריה, כנרת ועמק הירדן — הגעה מהירה וליווי מקצועי. | קבלו הצעת מחיר בשיחה אחת והזמינו שירות מיידי כשצריך עכשיו."
IAA | Search | אמבולנס פרטי טבריה והצפון,Exact — לידים חמים פוריה/מחיר/דיאליזה,Responsive search ad,https://ambulancenter.com/,פוריה,הזמנה,אמבולנס מפוריה — חייגו | Israel Air & Ambulance | שחרור מבית חולים עכשיו | העברה מפוריה לבית | הסעת דיאליזה בצפון | הצעת מחיר בטלפון | הזמנה מיידית 24/7 | בין בתי חולים בצפון | מטבריה לחיפה/מרכז | WhatsApp לתיאום מהיר | מוקד הזמנות פעיל | מחיר ברור לפני יציאה | צוות מקצועי ואדיב | זמינים באזור פוריה | קבעו העברה היום,"שחרור מפוריה / העברה רפואית? חייגו +972-79-6709999 לקביעת אמבולנס עכשיו. | דיאליזה, אונקולוגיה, שחרור לבית והעברות בין מוסדות — תיאום בשיחה אחת. | מחפשים מחיר? קבלו הצעה מהירה בטלפון או WhatsApp לפני היציאה. | שירות פרטי לטבריה והסביבה עם דגש על זמינות ומענה אנושי."
IAA | Search | אמבולנס פרטי טבריה והצפון,Phrase — הרחבה מבוקרת,Responsive search ad,https://ambulancenter.com/,צפון,חייגו,אמבולנס פרטי בצפון | Israel Air & Ambulance | חייגו להזמנה מיידית | זמין 24/7 באזורכם | הצעת מחיר בשיחה | פינוי והעברה פרטית | שחרור מבית חולים | WhatsApp — מענה מהיר | צוות מיומן בשטח | כיסוי יישובי הגליל | בלי תורים מיותרים | הזמנה אונליין/טלפון | שינוע חולה מקצועי | מוקד אנושי פעיל | הזמינו עכשיו,"אמבולנס פרטי בצפון — חייגו +972-79-6709999 או שלחו WhatsApp להזמנה מהירה. | העברות שגרתיות ודחופות, שחרורים, ודיאליזה. מחיר ברור בשיחה. | טבריה, פוריה, צפת, עפולה והסביבה — זמינות גבוהה ומענה אישי. | רוצים ליד מהיר? השאירו טלפון בדף או התקשרו עכשיו למוקד."
IAA | Search | הטסות רפואיות לישראל HE,Exact — הטסות לישראל,Responsive search ad,https://ambulancenter.com/,הטסה,לידים,הטסה רפואית — חייגו עכשיו | Israel Air & Ambulance | הצעת מחיר תוך דקות | חייגו לתיאום מיידי | הזמנה בטלפון 24/7 | מטוס אמבולנס לישראל | Bed-to-Bed מלא | מוקד משפחות 24/7 | חילוץ רפואי מחו״ל | תיאום בית חולים ביעד | ליווי רפואי בטיסה | WhatsApp לתיאום דחוף | ICU בטיסה לפי צורך | פינוי אווירי מאורגן | התחילו תיאום היום,"קרוב משפחה צריך לחזור לישראל? חייגו +972-79-6709999 להערכת מקרה והצעת מחיר. | מטוס אמבולנס או ליווי בטיסה מסחרית — נתאים פתרון לפי מצב המטופל. | Bed-to-Bed: אמבולנס בחו״ל → טיסה → בית חולים בישראל. מוקד 24/7. | ליד חם = שיחה אחת. קבלו אפשרויות, לו״ז ומחיר משוער בטלפון."
IAA | Search | הטסות רפואיות לישראל HE,Exact — לידים הצעת מחיר/חילוץ,Responsive search ad,https://ambulancenter.com/,מחיר,הטסה,הצעת מחיר הטסה רפואית | Israel Air & Ambulance | חייגו לקבלת הצעה | הזמנה / הצעת מחיר עכשיו | מחיר מטוס אמבולנס | חילוץ מחו״ל לישראל | ייעוץ מקרה ללא עיכוב | ליווי רפואי בטיסה | השוו אפשרויות בשיחה | מוקד 24/7 למשפחות | Bed-to-Bed לישראל | WhatsApp — תיאום מהיר | פינוי דחוף מאורגן | התחילו בשיחה אחת | מענה אנושי מיידי,"רוצים הצעת מחיר להטסה רפואית? חייגו +972-79-6709999 — נאסוף פרטים ונחזור עם אופציות. | מחיר תלוי ביעד, מצב רפואי וסוג המטוס/ליווי. שקיפות מלאה לפני אישור. | משפחות בחו״ל מקבלות מענה 24/7 לתיאום חילוץ והחזרה לישראל. | השאירו טלפון בדף או התקשרו עכשיו — המטרה ליד + תיאום מהיר."
IAA | Search | הטסות רפואיות לישראל HE,Phrase — הטסות לישראל,Responsive search ad,https://ambulancenter.com/,פינוי,אווירי,פינוי אווירי לישראל | Israel Air & Ambulance | חייגו לתיאום מיידי | הצעת מחיר בטלפון | הזמנה עכשיו — חייגו | הטסת חולה מחו״ל | צוות רפואי בטיסה | מוקד בינלאומי 24/7 | מטוס אמבולנס פרטי | ליווי בטיסה מסחרית | WhatsApp למשפחות | תיאום עד בית החולים | התחילו הערכה עכשיו | פתרון לפי מצב רפואי | שירות מלא למשפחה,"הטסה רפואית לישראל — התקשרו +972-79-6709999 לקבלת הצעה ותיאום מהיר. | נתאים מטוס אמבולנס או ליווי רפואי לפי דחיפות ותקציב. | מוקד למשפחות: הסבר תהליך, מסמכים, וקבלת מטופל בישראל. | כל קליק אמור להוביל לשיחה או WhatsApp — זה הליד."
IAA | Search | Air Ambulance TO Israel EN,Exact — TO Israel,Responsive search ad,https://ambulancenter.com/,Call,Now,Call Now — Flight to Israel | Israel Air & Ambulance | Get a Quote in Minutes | Request Quote by Phone | 24/7 Family Coordination | Air Ambulance to Israel | Bed-to-Bed Medical Flight | ICU Air Transport Ready | Speak to a Coordinator | WhatsApp Case Intake | Medical Repatriation Help | Hospital Handoff in Israel | Urgent Medevac Planning | Fast Response for Families | Start Case Review Today,Need an air ambulance to Israel? Call +972-79-6709999 for a case review and quote. | Bed-to-bed: ground ambulance + medical flight + receiving hospital coordination. | ICU aircraft or commercial medical escort — matched to patient condition. | Every ad click should become a phone/WhatsApp lead. We answer 24/7.
IAA | Search | Air Ambulance TO Israel EN,Exact — Lead Quote/Bed-to-Bed,Responsive search ad,https://ambulancenter.com/,Quote,Israel,Air Ambulance Quote Israel | Israel Air & Ambulance | Call for Pricing Options | Bed-to-Bed Cost Estimate | Medical Escort Alternative | Fly Patient Home to Israel | Itemized Quote by Phone | 24/7 Quote Desk | WhatsApp for Fast Intake | No-Obligation Case Review | Transparent Flight Pricing | Coordinator On The Line | Urgent Quote Available | Tel Aviv Hospital Transfer | Start With One Call,Want pricing for a medical flight to Israel? Call +972-79-6709999 — quote desk 24/7. | We compare air ambulance vs medical escort and explain cost drivers clearly. | Share patient location + condition; receive options and next steps on the call. | Lead goal: phone or WhatsApp within the first interaction — not just a page view.
IAA | Search | Air Ambulance TO Israel EN,Phrase — TO Israel,Responsive search ad,https://ambulancenter.com/,Medevac,Israel,Medevac to Israel — Call | Israel Air & Ambulance | Request Quote Now | Call for Flight Options | Get a Quote Today | Family Help Line 24/7 | Medical Flight Options | Private Air Ambulance | Escort on Commercial Flight | Critical Care Transfer | WhatsApp Us to Start | Clear Next Steps Today | Israel Hospital Intake | Fast International Desk | Talk to Coordination Now,"Searching medical flight to Israel? Call +972-79-6709999 or WhatsApp for immediate intake. | We coordinate aircraft/escort, permits, and bedside continuity end to end. | Built for families abroad who need a clear quote and a real human now. | Conversion focus: click → call → qualified lead with case details captured."
